bytes,content-type,elapsed,endpoint,resource,status,entry-date,start-date,end-date
4198,text/plain; charset=utf-8,0.075,1b70255ed4436e67e6c7a805c58eeaa1d941ce5cbb1a52ba3ce6dcd3d5ea6481,77eb8ea9a284f8ed0f8969d29b98ad803bb71d7f49342d2d5f176d45cd3595d3,200,2021-03-24T15:22:39.269991,,
4198,text/plain; charset=utf-8,0.128,1b70255ed4436e67e6c7a805c58eeaa1d941ce5cbb1a52ba3ce6dcd3d5ea6481,77eb8ea9a284f8ed0f8969d29b98ad803bb71d7f49342d2d5f176d45cd3595d3,200,2021-03-25T00:45:44.336563,,
4198,text/plain; charset=utf-8,0.109,1b70255ed4436e67e6c7a805c58eeaa1d941ce5cbb1a52ba3ce6dcd3d5ea6481,77eb8ea9a284f8ed0f8969d29b98ad803bb71d7f49342d2d5f176d45cd3595d3,200,2021-03-26T00:08:58.145015,,
4198,text/plain; charset=utf-8,0.121,1b70255ed4436e67e6c7a805c58eeaa1d941ce5cbb1a52ba3ce6dcd3d5ea6481,77eb8ea9a284f8ed0f8969d29b98ad803bb71d7f49342d2d5f176d45cd3595d3,200,2021-03-27T00:05:45.641857,,
4198,text/plain; charset=utf-8,0.103,1b70255ed4436e67e6c7a805c58eeaa1d941ce5cbb1a52ba3ce6dcd3d5ea6481,77eb8ea9a284f8ed0f8969d29b98ad803bb71d7f49342d2d5f176d45cd3595d3,200,2021-03-28T00:06:40.370627,,
4198,text/plain; charset=utf-8,0.182,1b70255ed4436e67e6c7a805c58eeaa1d941ce5cbb1a52ba3ce6dcd3d5ea6481,77eb8ea9a284f8ed0f8969d29b98ad803bb71d7f49342d2d5f176d45cd3595d3,200,2021-03-29T00:06:24.716815,,
4198,text/plain; charset=utf-8,0.109,1b70255ed4436e67e6c7a805c58eeaa1d941ce5cbb1a52ba3ce6dcd3d5ea6481,77eb8ea9a284f8ed0f8969d29b98ad803bb71d7f49342d2d5f176d45cd3595d3,200,2021-03-30T00:05:56.847830,,
4198,text/plain; charset=utf-8,0.133,1b70255ed4436e67e6c7a805c58eeaa1d941ce5cbb1a52ba3ce6dcd3d5ea6481,77eb8ea9a284f8ed0f8969d29b98ad803bb71d7f49342d2d5f176d45cd3595d3,200,2021-03-31T00:05:22.360902,,
4198,text/plain; charset=utf-8,0.114,1b70255ed4436e67e6c7a805c58eeaa1d941ce5cbb1a52ba3ce6dcd3d5ea6481,77eb8ea9a284f8ed0f8969d29b98ad803bb71d7f49342d2d5f176d45cd3595d3,200,2021-04-01T00:07:04.927346,,
4198,text/plain; charset=utf-8,0.115,1b70255ed4436e67e6c7a805c58eeaa1d941ce5cbb1a52ba3ce6dcd3d5ea6481,77eb8ea9a284f8ed0f8969d29b98ad803bb71d7f49342d2d5f176d45cd3595d3,200,2021-04-02T00:12:36.297608,,
4198,text/plain; charset=utf-8,0.112,1b70255ed4436e67e6c7a805c58eeaa1d941ce5cbb1a52ba3ce6dcd3d5ea6481,77eb8ea9a284f8ed0f8969d29b98ad803bb71d7f49342d2d5f176d45cd3595d3,200,2021-04-03T00:06:41.254114,,
4198,text/plain; charset=utf-8,0.126,1b70255ed4436e67e6c7a805c58eeaa1d941ce5cbb1a52ba3ce6dcd3d5ea6481,77eb8ea9a284f8ed0f8969d29b98ad803bb71d7f49342d2d5f176d45cd3595d3,200,2021-04-04T00:11:51.683773,,
4198,text/plain; charset=utf-8,0.101,1b70255ed4436e67e6c7a805c58eeaa1d941ce5cbb1a52ba3ce6dcd3d5ea6481,77eb8ea9a284f8ed0f8969d29b98ad803bb71d7f49342d2d5f176d45cd3595d3,200,2021-04-05T00:07:30.660703,,
4198,text/plain; charset=utf-8,0.176,1b70255ed4436e67e6c7a805c58eeaa1d941ce5cbb1a52ba3ce6dcd3d5ea6481,77eb8ea9a284f8ed0f8969d29b98ad803bb71d7f49342d2d5f176d45cd3595d3,200,2021-04-06T00:07:57.018004,,
4198,text/plain; charset=utf-8,0.125,1b70255ed4436e67e6c7a805c58eeaa1d941ce5cbb1a52ba3ce6dcd3d5ea6481,77eb8ea9a284f8ed0f8969d29b98ad803bb71d7f49342d2d5f176d45cd3595d3,200,2021-04-07T00:07:06.006338,,
4198,text/plain; charset=utf-8,0.131,1b70255ed4436e67e6c7a805c58eeaa1d941ce5cbb1a52ba3ce6dcd3d5ea6481,77eb8ea9a284f8ed0f8969d29b98ad803bb71d7f49342d2d5f176d45cd3595d3,200,2021-04-08T00:08:29.219059,,
4198,text/plain; charset=utf-8,0.104,1b70255ed4436e67e6c7a805c58eeaa1d941ce5cbb1a52ba3ce6dcd3d5ea6481,77eb8ea9a284f8ed0f8969d29b98ad803bb71d7f49342d2d5f176d45cd3595d3,200,2021-04-09T00:06:54.893775,,
4198,text/plain; charset=utf-8,0.147,1b70255ed4436e67e6c7a805c58eeaa1d941ce5cbb1a52ba3ce6dcd3d5ea6481,77eb8ea9a284f8ed0f8969d29b98ad803bb71d7f49342d2d5f176d45cd3595d3,200,2021-04-10T00:07:00.681918,,
4198,text/plain; charset=utf-8,0.102,1b70255ed4436e67e6c7a805c58eeaa1d941ce5cbb1a52ba3ce6dcd3d5ea6481,77eb8ea9a284f8ed0f8969d29b98ad803bb71d7f49342d2d5f176d45cd3595d3,200,2021-04-11T00:07:07.859146,,
4198,text/plain; charset=utf-8,0.106,1b70255ed4436e67e6c7a805c58eeaa1d941ce5cbb1a52ba3ce6dcd3d5ea6481,77eb8ea9a284f8ed0f8969d29b98ad803bb71d7f49342d2d5f176d45cd3595d3,200,2021-04-12T00:07:09.823300,,
4198,text/plain; charset=utf-8,0.121,1b70255ed4436e67e6c7a805c58eeaa1d941ce5cbb1a52ba3ce6dcd3d5ea6481,77eb8ea9a284f8ed0f8969d29b98ad803bb71d7f49342d2d5f176d45cd3595d3,200,2021-04-13T00:07:25.259891,,
4198,text/plain; charset=utf-8,0.145,1b70255ed4436e67e6c7a805c58eeaa1d941ce5cbb1a52ba3ce6dcd3d5ea6481,77eb8ea9a284f8ed0f8969d29b98ad803bb71d7f49342d2d5f176d45cd3595d3,200,2021-04-14T00:06:02.633205,,
4198,text/plain; charset=utf-8,0.126,1b70255ed4436e67e6c7a805c58eeaa1d941ce5cbb1a52ba3ce6dcd3d5ea6481,77eb8ea9a284f8ed0f8969d29b98ad803bb71d7f49342d2d5f176d45cd3595d3,200,2021-04-15T00:06:53.893073,,
4198,text/plain; charset=utf-8,0.206,1b70255ed4436e67e6c7a805c58eeaa1d941ce5cbb1a52ba3ce6dcd3d5ea6481,77eb8ea9a284f8ed0f8969d29b98ad803bb71d7f49342d2d5f176d45cd3595d3,200,2021-04-16T00:06:00.196033,,
4198,text/plain; charset=utf-8,0.12,1b70255ed4436e67e6c7a805c58eeaa1d941ce5cbb1a52ba3ce6dcd3d5ea6481,77eb8ea9a284f8ed0f8969d29b98ad803bb71d7f49342d2d5f176d45cd3595d3,200,2021-04-17T00:06:20.401724,,
4198,text/plain; charset=utf-8,0.147,1b70255ed4436e67e6c7a805c58eeaa1d941ce5cbb1a52ba3ce6dcd3d5ea6481,77eb8ea9a284f8ed0f8969d29b98ad803bb71d7f49342d2d5f176d45cd3595d3,200,2021-04-18T00:06:22.716749,,
4198,text/plain; charset=utf-8,0.11,1b70255ed4436e67e6c7a805c58eeaa1d941ce5cbb1a52ba3ce6dcd3d5ea6481,77eb8ea9a284f8ed0f8969d29b98ad803bb71d7f49342d2d5f176d45cd3595d3,200,2021-04-19T00:06:55.052619,,
4198,text/plain; charset=utf-8,0.123,1b70255ed4436e67e6c7a805c58eeaa1d941ce5cbb1a52ba3ce6dcd3d5ea6481,77eb8ea9a284f8ed0f8969d29b98ad803bb71d7f49342d2d5f176d45cd3595d3,200,2021-04-20T00:06:47.357051,,
4198,text/plain; charset=utf-8,0.12,1b70255ed4436e67e6c7a805c58eeaa1d941ce5cbb1a52ba3ce6dcd3d5ea6481,77eb8ea9a284f8ed0f8969d29b98ad803bb71d7f49342d2d5f176d45cd3595d3,200,2021-04-21T00:06:57.124256,,
4198,text/plain; charset=utf-8,0.119,1b70255ed4436e67e6c7a805c58eeaa1d941ce5cbb1a52ba3ce6dcd3d5ea6481,77eb8ea9a284f8ed0f8969d29b98ad803bb71d7f49342d2d5f176d45cd3595d3,200,2021-04-22T00:07:34.082525,,
4198,text/plain; charset=utf-8,0.118,1b70255ed4436e67e6c7a805c58eeaa1d941ce5cbb1a52ba3ce6dcd3d5ea6481,77eb8ea9a284f8ed0f8969d29b98ad803bb71d7f49342d2d5f176d45cd3595d3,200,2021-04-23T00:06:49.158451,,
4198,text/plain; charset=utf-8,0.106,1b70255ed4436e67e6c7a805c58eeaa1d941ce5cbb1a52ba3ce6dcd3d5ea6481,77eb8ea9a284f8ed0f8969d29b98ad803bb71d7f49342d2d5f176d45cd3595d3,200,2021-04-24T00:06:22.287163,,
4198,text/plain; charset=utf-8,0.099,1b70255ed4436e67e6c7a805c58eeaa1d941ce5cbb1a52ba3ce6dcd3d5ea6481,77eb8ea9a284f8ed0f8969d29b98ad803bb71d7f49342d2d5f176d45cd3595d3,200,2021-04-25T00:06:44.214986,,
4198,text/plain; charset=utf-8,0.188,1b70255ed4436e67e6c7a805c58eeaa1d941ce5cbb1a52ba3ce6dcd3d5ea6481,77eb8ea9a284f8ed0f8969d29b98ad803bb71d7f49342d2d5f176d45cd3595d3,200,2021-04-26T00:06:51.802918,,
4198,text/plain; charset=utf-8,0.206,1b70255ed4436e67e6c7a805c58eeaa1d941ce5cbb1a52ba3ce6dcd3d5ea6481,77eb8ea9a284f8ed0f8969d29b98ad803bb71d7f49342d2d5f176d45cd3595d3,200,2021-04-27T00:06:30.296985,,
4198,text/plain; charset=utf-8,0.125,1b70255ed4436e67e6c7a805c58eeaa1d941ce5cbb1a52ba3ce6dcd3d5ea6481,77eb8ea9a284f8ed0f8969d29b98ad803bb71d7f49342d2d5f176d45cd3595d3,200,2021-04-28T00:06:30.500956,,
4198,text/plain; charset=utf-8,0.193,1b70255ed4436e67e6c7a805c58eeaa1d941ce5cbb1a52ba3ce6dcd3d5ea6481,77eb8ea9a284f8ed0f8969d29b98ad803bb71d7f49342d2d5f176d45cd3595d3,200,2021-04-29T00:06:20.296327,,
4198,text/plain; charset=utf-8,0.113,1b70255ed4436e67e6c7a805c58eeaa1d941ce5cbb1a52ba3ce6dcd3d5ea6481,77eb8ea9a284f8ed0f8969d29b98ad803bb71d7f49342d2d5f176d45cd3595d3,200,2021-04-30T00:03:53.587947,,
4198,text/plain; charset=utf-8,0.127,1b70255ed4436e67e6c7a805c58eeaa1d941ce5cbb1a52ba3ce6dcd3d5ea6481,77eb8ea9a284f8ed0f8969d29b98ad803bb71d7f49342d2d5f176d45cd3595d3,200,2021-05-01T00:04:28.678661,,
4198,text/plain; charset=utf-8,0.143,1b70255ed4436e67e6c7a805c58eeaa1d941ce5cbb1a52ba3ce6dcd3d5ea6481,77eb8ea9a284f8ed0f8969d29b98ad803bb71d7f49342d2d5f176d45cd3595d3,200,2021-05-02T00:05:54.733209,,
4198,text/plain; charset=utf-8,0.137,1b70255ed4436e67e6c7a805c58eeaa1d941ce5cbb1a52ba3ce6dcd3d5ea6481,77eb8ea9a284f8ed0f8969d29b98ad803bb71d7f49342d2d5f176d45cd3595d3,200,2021-05-03T00:05:30.995032,,
4198,text/plain; charset=utf-8,0.12,1b70255ed4436e67e6c7a805c58eeaa1d941ce5cbb1a52ba3ce6dcd3d5ea6481,77eb8ea9a284f8ed0f8969d29b98ad803bb71d7f49342d2d5f176d45cd3595d3,200,2021-05-04T00:03:28.562085,,
4198,text/plain; charset=utf-8,0.131,1b70255ed4436e67e6c7a805c58eeaa1d941ce5cbb1a52ba3ce6dcd3d5ea6481,77eb8ea9a284f8ed0f8969d29b98ad803bb71d7f49342d2d5f176d45cd3595d3,200,2021-05-05T00:14:29.359558,,
4198,text/plain; charset=utf-8,0.109,1b70255ed4436e67e6c7a805c58eeaa1d941ce5cbb1a52ba3ce6dcd3d5ea6481,77eb8ea9a284f8ed0f8969d29b98ad803bb71d7f49342d2d5f176d45cd3595d3,200,2021-05-06T00:14:41.888592,,
4198,text/plain; charset=utf-8,0.119,1b70255ed4436e67e6c7a805c58eeaa1d941ce5cbb1a52ba3ce6dcd3d5ea6481,77eb8ea9a284f8ed0f8969d29b98ad803bb71d7f49342d2d5f176d45cd3595d3,200,2021-05-07T00:15:32.869634,,
4198,text/plain; charset=utf-8,0.143,1b70255ed4436e67e6c7a805c58eeaa1d941ce5cbb1a52ba3ce6dcd3d5ea6481,77eb8ea9a284f8ed0f8969d29b98ad803bb71d7f49342d2d5f176d45cd3595d3,200,2021-05-08T00:15:40.220485,,
4198,text/plain; charset=utf-8,0.204,1b70255ed4436e67e6c7a805c58eeaa1d941ce5cbb1a52ba3ce6dcd3d5ea6481,77eb8ea9a284f8ed0f8969d29b98ad803bb71d7f49342d2d5f176d45cd3595d3,200,2021-05-09T00:17:50.479351,,
4198,text/plain; charset=utf-8,0.2,1b70255ed4436e67e6c7a805c58eeaa1d941ce5cbb1a52ba3ce6dcd3d5ea6481,77eb8ea9a284f8ed0f8969d29b98ad803bb71d7f49342d2d5f176d45cd3595d3,200,2021-05-10T00:16:30.128871,,
4198,text/plain; charset=utf-8,0.118,1b70255ed4436e67e6c7a805c58eeaa1d941ce5cbb1a52ba3ce6dcd3d5ea6481,77eb8ea9a284f8ed0f8969d29b98ad803bb71d7f49342d2d5f176d45cd3595d3,200,2021-05-11T00:15:57.999146,,
4198,text/plain; charset=utf-8,0.226,1b70255ed4436e67e6c7a805c58eeaa1d941ce5cbb1a52ba3ce6dcd3d5ea6481,77eb8ea9a284f8ed0f8969d29b98ad803bb71d7f49342d2d5f176d45cd3595d3,200,2021-05-12T00:16:59.512278,,
4198,text/plain; charset=utf-8,0.167,1b70255ed4436e67e6c7a805c58eeaa1d941ce5cbb1a52ba3ce6dcd3d5ea6481,77eb8ea9a284f8ed0f8969d29b98ad803bb71d7f49342d2d5f176d45cd3595d3,200,2021-05-13T00:26:48.334799,,
4198,text/plain; charset=utf-8,0.14,1b70255ed4436e67e6c7a805c58eeaa1d941ce5cbb1a52ba3ce6dcd3d5ea6481,77eb8ea9a284f8ed0f8969d29b98ad803bb71d7f49342d2d5f176d45cd3595d3,200,2021-05-14T00:27:26.888318,,
4198,text/plain; charset=utf-8,0.268,1b70255ed4436e67e6c7a805c58eeaa1d941ce5cbb1a52ba3ce6dcd3d5ea6481,77eb8ea9a284f8ed0f8969d29b98ad803bb71d7f49342d2d5f176d45cd3595d3,200,2021-05-15T00:25:59.412114,,
4198,text/plain; charset=utf-8,0.112,1b70255ed4436e67e6c7a805c58eeaa1d941ce5cbb1a52ba3ce6dcd3d5ea6481,77eb8ea9a284f8ed0f8969d29b98ad803bb71d7f49342d2d5f176d45cd3595d3,200,2021-05-16T00:28:11.703410,,
4198,text/plain; charset=utf-8,0.229,1b70255ed4436e67e6c7a805c58eeaa1d941ce5cbb1a52ba3ce6dcd3d5ea6481,77eb8ea9a284f8ed0f8969d29b98ad803bb71d7f49342d2d5f176d45cd3595d3,200,2021-05-17T00:25:45.528536,,
4198,text/plain; charset=utf-8,0.144,1b70255ed4436e67e6c7a805c58eeaa1d941ce5cbb1a52ba3ce6dcd3d5ea6481,77eb8ea9a284f8ed0f8969d29b98ad803bb71d7f49342d2d5f176d45cd3595d3,200,2021-05-18T00:28:05.079855,,
4198,text/plain; charset=utf-8,0.126,1b70255ed4436e67e6c7a805c58eeaa1d941ce5cbb1a52ba3ce6dcd3d5ea6481,77eb8ea9a284f8ed0f8969d29b98ad803bb71d7f49342d2d5f176d45cd3595d3,200,2021-05-19T00:25:30.003460,,
4198,text/plain; charset=utf-8,0.151,1b70255ed4436e67e6c7a805c58eeaa1d941ce5cbb1a52ba3ce6dcd3d5ea6481,77eb8ea9a284f8ed0f8969d29b98ad803bb71d7f49342d2d5f176d45cd3595d3,200,2021-05-20T00:25:59.365671,,
4198,text/plain; charset=utf-8,0.111,1b70255ed4436e67e6c7a805c58eeaa1d941ce5cbb1a52ba3ce6dcd3d5ea6481,77eb8ea9a284f8ed0f8969d29b98ad803bb71d7f49342d2d5f176d45cd3595d3,200,2021-05-21T00:26:57.160918,,
4198,text/plain; charset=utf-8,0.115,1b70255ed4436e67e6c7a805c58eeaa1d941ce5cbb1a52ba3ce6dcd3d5ea6481,77eb8ea9a284f8ed0f8969d29b98ad803bb71d7f49342d2d5f176d45cd3595d3,200,2021-05-22T00:26:57.921255,,
4198,text/plain; charset=utf-8,0.201,1b70255ed4436e67e6c7a805c58eeaa1d941ce5cbb1a52ba3ce6dcd3d5ea6481,77eb8ea9a284f8ed0f8969d29b98ad803bb71d7f49342d2d5f176d45cd3595d3,200,2021-05-23T00:30:29.599408,,
