resource,bytes,organisations,endpoints,start-date,end-date
010c50ef0b2538adaa53f941009d3884c037f7193a523930e1686e1c1365f553,6008832,local-authority-eng:HRY,3eef0f435a64ed77a3ff388c0a9c4a262480d8ae75829ee517cfe80f59ac3bd1,2021-12-16,2021-12-16
011b63ace112475a09de961a3da25ced0255f0816fc2967cbb96214cf1c41168,322855,national-park-authority:Q72617158,56cfafdfa80ac2c6797ba7b1797601d2a1300fd1c094ce69ce921e6dbc6addd6,2021-12-31,
01be951a7fa102d7b0fe11474d6f0425ec9a1adac10e062a203be8c3a2e03cde,1308307,local-authority-eng:KEN,006a45b593a03962463e446f2b307262111ffca242b03bfebf131d12c11e0ad4,2021-10-07,
0260ceb2ea6463461721c7e28b1a4dd9541d51aecb12eb9cf99199d14c3cd301,225882,local-authority-eng:FAR,9fc9a0c3d92a57e3d189547b24b0f7520c452f237720e63059c980108fbab17a,2021-11-29,2022-01-02
02aacaa95c74a362e7d3a8dde05047cdad3cd9ae70f72d4a2f94c1bc690968b0,2833943,local-authority-eng:ASF,5ffd953359bbad7ebbe85c11a9b9314844508136defe451d172d7dbcc3786e43,2021-10-07,
049fdc0cd8ee6323e4497bb849332e2a420f8c1d95817eda9a3866dbe3601d28,116551,local-authority-eng:HAS,abb78faac017ea2422968a6c3ec485dc7ad5d77f12a1ee6784933aa66d416b8d,2021-10-07,2021-12-24
0525ecc75b20dd4ab673ffb340a9562bb5fe50e722b4be8e868b4a27c4052d63,3211264,local-authority-eng:HRY,3eef0f435a64ed77a3ff388c0a9c4a262480d8ae75829ee517cfe80f59ac3bd1,2021-12-15,2021-12-15
05f942c55ed2c4c6a4ae768c39a435348ee11d020965b737935877dcdbe3dfa3,225882,local-authority-eng:FAR,9fc9a0c3d92a57e3d189547b24b0f7520c452f237720e63059c980108fbab17a,2021-12-15,2021-12-15
0688d28cc497f39e5b21e74048b2393c9ba177c24d14faf1adfeeb114ae665b1,6344704,local-authority-eng:HRY,3eef0f435a64ed77a3ff388c0a9c4a262480d8ae75829ee517cfe80f59ac3bd1,2021-11-05,2021-11-05
06c70151c526110dcd04a1da73c527cd9059c6e3c0b872e4e465db9715d6aefd,354380,local-authority-eng:RED,45f300b4a581c6877030dbe874221858846111f0330a50e3d3fee126222ac2a2,2021-12-31,
0714b0476fcfec1282edfa787d842abcd417751a83c1b0f072bb9d4fbb1cb28e,924281,local-authority-eng:BRO,2f828a84568c23486562ecfd764bddbe4f89d00c1ac906496aec0eaf80af1071,2021-10-07,
074ee8a00322c6e03bb5c32da2a9b6a4a9c98c67748d753cbacbc5c3b04ffa67,21414275,local-authority-eng:TWH,06c201ec324bdbfa4ddd41665fe88e1ec49853f48caf4ae2faa25da6f161cf5d,2021-10-07,
07d19622d1bc1dadbfc2036b04f62eb5645fcacb8c8cee96f661097ff5fd837f,2150513,local-authority-eng:LEC,5b9c17d3f7ffd940ecff9787781a1ee2b2871db723bff2173ae96d68159e7b8e,2021-10-07,
09caf6f7c20614c59ceb17721eb97a80c79afc091e5c4911b5ef53c7423f13d4,774173,local-authority-eng:COT,8ff069ad6d65f8535407e5dfddc444c6f2479cd3dc1e542fca94be7a9d133ffb,2021-10-07,
0b2e3a24d7afaf246af59140acf3a6b6dd251bf7492e7ac6a97a6752da51c0af,20264,local-authority-eng:HAA,6401ef6a1103b48fe5156eb2e84588f1d6fe545820aad851491e81b1fdc0eade,2021-10-07,
0b8e7bdbd201edfb611bd443853b5932317cdbdb92651b6bdfa0654fe86254fb,225882,local-authority-eng:FAR,9fc9a0c3d92a57e3d189547b24b0f7520c452f237720e63059c980108fbab17a,2021-11-01,2021-11-10
0f3f9ac72b6c00a62b90817adeb3f9463f2557e4ccba021dfb8bf3a00d9fbfc4,492174,local-authority-eng:DAL,f233f3ad3bdb95a56e59bf33ac200b3db6dd2587708cc0f00b8b534daf02c579,2021-10-07,
1073479548b7f463221529fa0e050ac1608291d1c468f48b0cbbc138ad0f8c13,1337234,local-authority-eng:VAL,f1ac13636ccd14461d754556692ecdec6e14da1ef9db9d5e9cd980b059ca56e0,2021-10-07,
12cc46f327184365c7158234ea77a062590adb83749a7800a4c11a1055addb4b,498336,local-authority-eng:CAN,657ad06ae4155dead1e22f894b9537c6a64487de94964ea93a1a682dc3b8bf6a,2021-10-07,
15974a4c0732ddba422b8f0b8a217282872f724d94b73ff3ce9b074f02e0cc5d,225882,local-authority-eng:FAR,9fc9a0c3d92a57e3d189547b24b0f7520c452f237720e63059c980108fbab17a,2021-10-30,2022-01-21
1614320d2e27ada16c8ffa6689b4bb4907ef4a619a23eddb36fa2a7cf5ded13b,1172000,local-authority-eng:OAD,48a948926953e43f0c102a69ed2a5aa0b4522276b82c265fcbb912e1b4ba3e2b,2021-12-31,
16588bc1d29e4a9dc98eee32e6903d43791c166874fd70c8383ca70a6785276f,5456678,local-authority-eng:ESX,b5e56c42088a0aa858db10997436f600cc23da67f5b82656bc7155ea40b83745,2021-10-07,
19754c7b5efdf964e6e2e944c6b80735735af807ecb11f8d9b0eb99fccab08a2,56309,local-authority-eng:HIL,84695afd27212cf886692211154139a0e4fb0bcf9ec644836e640eefb6a9e43b,2021-10-07,
1acccef654bd756bdab29929b9ad59b83c29312a93c53dca06d407d4411233ff,34916,local-authority-eng:SNO,ad08d49e3f178831c342360a1d8d6cdcd8a9d6dae49105c9f591d8a1dca6c647,2021-10-07,
1c324174481e18cc0934266b8e44a39abc5cced98e6673bfd142d1b8c637cd80,225882,local-authority-eng:FAR,9fc9a0c3d92a57e3d189547b24b0f7520c452f237720e63059c980108fbab17a,2021-11-05,2021-12-17
1dec7f2e4c42ecaa22fd1e3a2819c9448c39faced8f6490c9685691bc6465e8e,246794,local-authority-eng:FOR,a0f121b413e9fa283d50308bd6c2c5a1363f3108fbf9a1d75326bb537e67e419,2021-10-07,
1fe9ee09fb2eefee27a8def4bcb165697975a97b3a7f8bfe9491512c12d928f9,225882,local-authority-eng:FAR,9fc9a0c3d92a57e3d189547b24b0f7520c452f237720e63059c980108fbab17a,2021-10-25,2021-10-25
20d59633bb1a7c199bd8590f2d29f9589149d7ae2f2947e3cac6f5dab9857e0f,859073,local-authority-eng:SLA,c2800f5eddb8042eee5901688ab0093e0d275e11ba1b76d7ce288094b8b41809,2021-12-31,
222fc750b0a22b61f1779d962b49285f34dedfd7ca979de1d21f7b7e805c913c,2401775,local-authority-eng:HNS,b9ec34155080f77755fd92c8f06880e34da09dbb5c345652f8d00d8377b6a9d9,2021-10-07,
22497c57e2f735691170c0b3832b27af53a8f450b2e494420bd6d0f7a1c1d676,811980,local-authority-eng:CHS,1cec396c0ea7a162dc7d3ab591112b2de0a370355d362bfeca481db9549dc673,2021-11-26,
24fe3893a253997ee2751105ccc3d105ff13f29bc465f9b8ebcf4bd398764de4,87986,local-authority-eng:HIL,5b1d99712da8e130acbec3e4fbc3e06b3eeaf5014a67fa39af645c28a5f35ace,2021-10-07,
2691114f0fac692faa3c8679896753954c1bc80f1f07a388e57a39b743797ff1,225882,local-authority-eng:FAR,9fc9a0c3d92a57e3d189547b24b0f7520c452f237720e63059c980108fbab17a,2022-01-13,2022-01-13
26c94df64e4d97db825d3b83400d380df065c16907752da7163c5d868e39ddb3,271522,local-authority-eng:BOL,d14e52ad200600c2fd38e39b3e879eda769690978498a1ba41200322eca601ce,2021-12-31,
27b46cee6d7a7464a17201c2192b3bbb4359698bafaaa8d1a231d76cb9f692a3,225882,local-authority-eng:FAR,9fc9a0c3d92a57e3d189547b24b0f7520c452f237720e63059c980108fbab17a,2021-12-06,2021-12-06
28afa63b9ecc687591a915984001f428fda0b9696c84c13fd66b5c6b1e2b9743,332058,local-authority-eng:RUG,5c309afd1ea2267577faf3667ebdf9060e731fe2891e09d845d7426373ccdd4d,2021-12-31,
28df3c3e2041314c17bf57c254a0f10ead3d5cfffe9024215fbd42b1f1ac582d,154701,local-authority-eng:GRT,087ddd9f760a0484c52983764030316b4c33011ebc445fbdd9de3abad927be4a,2021-10-07,
2b55e2677181c9ef7bf19708899308409c080551d4c4942ab235af5d2c13c58b,225882,local-authority-eng:FAR,9fc9a0c3d92a57e3d189547b24b0f7520c452f237720e63059c980108fbab17a,2021-10-07,
2b7f23737a9ae0f53cf9429aa762b33e9dcafba7dec578782660a60ee0667f8b,225882,local-authority-eng:FAR,9fc9a0c3d92a57e3d189547b24b0f7520c452f237720e63059c980108fbab17a,2021-11-21,2022-01-08
2c1e9b9d8405837a5c74aadc78923a838f30b639d88447405101e0eb6cdda6bb,225882,local-authority-eng:FAR,9fc9a0c3d92a57e3d189547b24b0f7520c452f237720e63059c980108fbab17a,2022-01-14,2022-01-14
2cd8772eec715160cb3fb3fef2e214a29cdb92debc8af8e5280af9b341b37a0b,194297,local-authority-eng:HAA,d7f73ff4e465807fcb7befdf6a5bbda82cb7823e1c045b8f4c1c0dc7bd02fe46,2021-10-07,
2dbba6f63893052399afc38a89738fe20362fc2f421bedbc6c93ff92afeae2a0,5181440,local-authority-eng:HRY,3eef0f435a64ed77a3ff388c0a9c4a262480d8ae75829ee517cfe80f59ac3bd1,2021-11-28,2021-11-28
2e2c2240217726a402e97be53c3ae0f19c82c005228cbfa76ec0ed2e04bf24b6,65834,local-authority-eng:CAR,f695466a80ba2223e4c139e1aab46914b0bbbb4ff58098a81bc9a5798421a9d4,2021-10-07,
2e61449d1be8c63fd406f631dbdd425667310430e76dd958a07505dda60dd495,1683398,local-authority-eng:ENF,8b3df7682b35f27f5d7fba93fd719a8ae14115af805845d8360021ceaa432c79,2021-10-07,
2e8d058c65dfa1125c50dc338bc5b0bfa7f022095df7b17893faca06f95fb6cc,857001,local-authority-eng:ESS,85f959c45c0f5ac6c96364247e3f4a848d1942d689fb8b88c3da16eefbd31c70,2021-10-07,
2efdd3a07a3785e92b2502239f928c9e4d924e4ca207a470ea4627af9d9b5a8a,399482,local-authority-eng:BAN,d1945c77897a337acb45fd629d6b022f72f96315eb7646af3b23ca25f062eb68,2021-10-07,
2f36a61dfc7c94bbc01d6f6cfac014759658146fab1b6f8a1e06ca7829ab7cfa,247786,local-authority-eng:EPP,14d67e2a893ae78bd76c457338d481e601559ca4eb073d72f124f140b6727ee8,2021-10-07,
2fe9e99f58656dc72b0d68e2b25a4e89231ba31a8398eb984b3f5b81173b4fed,120385,local-authority-eng:HER,56b0efda3f6de0c7814b9e86479aa702e57f56dd10c7fac203eb26706ed8ef20,2021-10-07,
3031765a97e9100e0c7424ccdf7afe1f22ad4010ed923d8849de1cf3af25c028,6837063,local-authority-eng:SWT,d163d47e30235a5a308d06f2498dfd98e99c987fd29cf7301c3794e5905100a0,2022-01-11,
30e8061cc73cb35cb2d1a6b35b3f4472b97122a580a75aa502a8a84f1901b81b,2236349,local-authority-eng:SFK,6b4d7c8ecc7d9a5054afdda331d79ce5f26ed77f6ffb7876ad9edc59fdc647e6,2021-12-31,
31884f93aa81ce5fab29e438b38afbc85a25dba5b049a2f68c34ba3c5a429a99,46915,local-authority-eng:BRO,9c8179a2ee1a6f357b91a76bd3f61aede197ba425504730544e56b93d92ca0c3,2021-10-07,
3277771f0c373a085f577ef9074a296c73845070f4a50dd310a1dca50ea2e771,5521408,local-authority-eng:HRY,3eef0f435a64ed77a3ff388c0a9c4a262480d8ae75829ee517cfe80f59ac3bd1,2021-10-29,2021-10-29
33492343ee079413929a24d8e90c321dc1210964b628cea03cf210d90b41d4a4,358733,local-authority-eng:BRM,dac6045d0bfccf579ae4a9fcd83990c28e7c01f386830eaa33b4d7bd09b9b651,2021-12-31,
3605e5fb592c34ff5d46ff718dd69b0bf1cd22e24e6d8ad006ae8e30a6bee67e,225882,local-authority-eng:FAR,9fc9a0c3d92a57e3d189547b24b0f7520c452f237720e63059c980108fbab17a,2021-12-01,2021-12-01
36b33f6041e9ef0467e1ab4b10790ebccaacb0601a2840e5409aaa42340dd1f7,225882,local-authority-eng:FAR,9fc9a0c3d92a57e3d189547b24b0f7520c452f237720e63059c980108fbab17a,2022-01-17,2022-01-17
3704eee04998e079c0cf2647b9dce20de9ba4738ff18a7894a8dfcb7912612e6,269432,local-authority-eng:DER,78ed5b1dd217157f5b71b845d699fcbd221ed89f84f3ee3f9aeca6aab3bf9601,2021-10-07,2021-12-17
378fa5366ad0e69fae22e5eda42e3719d8663bd2a050f12ccf7318f5229d0f2a,438344,local-authority-eng:ELM,aedf9268db8178b2cef662d896816d55a4244cb038f296a6a1994fb056b7199d,2021-10-07,
3a0b2d8b16980503c8ffb84d310a44d8970c3f45688c42a4d5cb344425137ded,860101,local-authority-eng:BRT,113b9edffbff4c225426f01549c94676405ccb769d7c3eabba04eb04e3382cd3,2021-10-07,
3a64b5f280536ec2a62c6a423b4c0df1901c45e4999c59c9416c7f88fb90b76c,225882,local-authority-eng:FAR,9fc9a0c3d92a57e3d189547b24b0f7520c452f237720e63059c980108fbab17a,2021-11-26,2022-01-23
3b1eb7aeae299dfaae06b3b718890e7f068f1f50d9c419720bb0824236ae86de,807084,local-authority-eng:HAA,cb4bc1be224f755aebc55e8ab5caf6c6206b3282d3747ce9e0dba483eed455a8,2021-10-07,
3b3b20cf2d826c61ecd02cd121b633c4b1675cd069a11d72301fb459fbc0c200,978414,local-authority-eng:HAA,912674d97ad4ed493c1aefafa0cd02fae719f3a9393f41063be845bb99e70c2d,2021-10-07,
3b850129b3d89bd4fdafe90e7975093ed5d094a4823cfd391a0a97fa9f4d9d75,1703778,local-authority-eng:ASH,a8e55af7d5f986e08f4c6bf59c68f6cf6f123fa0ce03fba4ff0489a9bffde071,2021-10-23,
3ba828321bd67edb248db116b22a2d5fae9ab37eb8562be2ff873db45d4be30a,68827,government-organisation:D4,1b70255ed4436e67e6c7a805c58eeaa1d941ce5cbb1a52ba3ce6dcd3d5ea6481,2021-10-07,
3c75a892d85006b883832359adda7c27ea8f2855781955d1d6653b319f1efd26,242564,local-authority-eng:HMF,cb476afbb876d06468b51a3eae390e61039dbd7282ff63553d7a118533dc02a6,2021-10-07,
3cbf0b1a304271b6e885b5cad87dcdf2f8c811144d694745caf3fbe1409e695a,487104,local-authority-eng:CHS,1cec396c0ea7a162dc7d3ab591112b2de0a370355d362bfeca481db9549dc673,2021-10-07,2021-11-25
3daa7fd4cee035dd2bd113640763ac8e85827245040594fa441c4c271af02940,772842,local-authority-eng:BNS,3ec74a1a816150fc81535e47e863b031f9c7bb982460683962a1253b7ece8bca,2021-10-07,
3dded714e590eff05269597106d5f3091bd6d56e254037f304fe8b42fd423570,935080,local-authority-eng:CRW,f49bcd82945daafe2dc864e8570b180525f03b31c6f864718ba0f31df3037c5a,2021-10-07,
3df213038ac3dfe932d4ad3173e9f9fdfc4349db96f6a646d3abaa967015b222,225882,local-authority-eng:FAR,9fc9a0c3d92a57e3d189547b24b0f7520c452f237720e63059c980108fbab17a,2021-10-27,2021-10-27
3ebe7169e8fcb3a7dd87061c408b8ba8acf0afb601f0044557eb5aa70d6e264a,339631,local-authority-eng:BPL,730a5f63ac8570d15159b2ca15b63e8c0e4ace05e0f3a411fb8a632c6928620c,2021-10-07,
400c6532bb2b008dff37922ce10ab1232dba23575d0e029f0050d2dc52d52b50,1422064,local-authority-eng:BRA,68b3d073b2da18f66119933bc0251cb9d2d81409931a37afd5478182aa898a62,2022-01-14,
42c3327452e907d99308647a8ae3cd6e14b8e19e424a25c714ef78bb578c8703,241733,local-authority-eng:GRA,48bed47dfeabe8f41022b742e21d4dcf72e0a2dd8f3b4da5fd54eabe98456c58,2021-10-07,
42d6bd71666442705853cf48ac485b14d5c0dce764ca72349b42c09e0ee0fef2,487399,local-authority-eng:ENO,efbec49cd6aa91ae4338746665d61f049cd9d78ed0d1425561cc04ce8cb6126d,2021-10-07,
42ea1960f9489a696bfe032f655cbcac9ec399279485a3cf5a6d1ac74857926a,239635,local-authority-eng:BRE,85d7fcc9d65b3657b76df05bf8d83ef99aeaeb0b85da70eeb2c797209a81b86f,2021-10-07,2021-12-21
43365979a0c43cb2b23ba9d9e9bfccdb662ea0aae61d8d4a545d38dfbe02967b,5279744,local-authority-eng:HRY,3eef0f435a64ed77a3ff388c0a9c4a262480d8ae75829ee517cfe80f59ac3bd1,2021-10-19,2021-10-19
43a7cc998920a68475fe34b302b7ee742465341ce0bf1e058ec8b355857163f2,170395,local-authority-eng:KTT,cb56d6f28c2c9004a0a62fbf44f1c9319c1ee8b3b92e3d04bd274357a007d41e,2021-10-07,
447792d3aca497b88e691d20bccd554573df188c284be10bc3b6b1be59d5ac91,158097,local-authority-eng:KIN,471b58185bf2b08f490a00898a4ce4fa01d82fab84775721d3412f3ab006ffa0,2021-10-07,
44d63f11e132e33297591ac6acee04e4122840192000d624d2cdb6883d1fa8a7,2368194,local-authority-eng:NEA,af2ab1e04971fd8da37a76d0859d4ba6149f58e1755b5cb1d3b4932345362e89,2021-12-31,
4615301e4239d001be91451b86039a9bf733f6ec1d2ce34e8f117d1713de8ce3,117047,local-authority-eng:HER,98a2638eb0b6bb87ec4a913cf56da239847cdf94840098fa1a627d85aebb675c,2021-10-07,
480ca8877525407b0550e98a900d49636ab0ce1d251724d30fbc57ab1a6fc544,916544,local-authority-eng:ROH,bff453b5c76dc51a0b3046c4f12f9429ec21fa96eb3f52c609b152841140e080,2021-10-07,
48961285d772a2626b9d2e316066aff33ed5ae2ada9810c0e2f817cd50e8aa53,111302,local-authority-eng:DUR,dcaca4692ec864d13854b3a4399317f408cfd5e81ccb26d60e36bbb87ac84210,2021-10-07,2021-11-30
48e812927803dc4778b2ee5d468f36f8d0d1e000f5be0280eb8e20941d9efe12,991728,local-authority-eng:LEW,6d2fc42b5852361681b95067dcc2f1946c82c525dac6e793f603f0226867d62e,2021-10-07,
4918c6fdb369bbb78bb4b57418bab6bb00af9653bc049a1a81dd5f55e3ea2536,5537792,local-authority-eng:HRY,3eef0f435a64ed77a3ff388c0a9c4a262480d8ae75829ee517cfe80f59ac3bd1,2021-10-28,2021-10-28
4a640f0591a594b0a67eed1e377940a6c8e5cc650be855bd061dd096c0c8521d,665138,local-authority-eng:EXE,201b4099c5b8d9300d75c405a5b3c2e688fa2dc85cf5c19c74cf33c7a4285889,2021-12-31,
4c76222c3e8147225514dc876d18de6be44ff60394a353bfff2dbdfd2ddeff75,3233123,local-authority-eng:ERY,a3a7fa7e0ac14a4f580c480364af7b43fe7ada55951bb9bcd44669e26a56e447,2021-10-07,
4cb6fd87aac22e123996215c29df5dc0453f2ffd6bf83c51ad74941665c4480e,225882,local-authority-eng:FAR,9fc9a0c3d92a57e3d189547b24b0f7520c452f237720e63059c980108fbab17a,2021-12-07,2021-12-07
4d5dea0017ce677d7f55d22977b4e7ce2b8abf04131496c243d951ebf1acebfb,225882,local-authority-eng:FAR,9fc9a0c3d92a57e3d189547b24b0f7520c452f237720e63059c980108fbab17a,2021-11-20,2022-01-11
4dfc0342a1d8b133f5bf03cda60127a47d17969e593c6a976dc0e5068ad1b78a,227197,local-authority-eng:BIR,37963fe5c0de959ec7705f1cff5df53c218970158133c42ef0f9256b9d1bc308,2021-10-07,
4fdb8b81aba57ededf13ee86dbdd2b001d141d29a479f7f04b32646e362fbb23,3080192,local-authority-eng:HRY,3eef0f435a64ed77a3ff388c0a9c4a262480d8ae75829ee517cfe80f59ac3bd1,2022-01-19,2022-01-19
4fdd0e1248dd1ad5ae5c3d71197fcf9ad3d245bb6cd88e9b245c5978e9c45e91,304609,local-authority-eng:CAM;local-authority-eng:CPCA,c5ec7f3562f66376fc1bad9d90c9bbcdfdd902d0be3e939d5c65645b5b798b3d,2021-10-07,
53c4f3c31fab2e91f62680fc7b84a8718277cab224f6a47079004338506fb181,230687,local-authority-eng:HOR,10c202033bada77261d74cf7232fc0ab9c8a42b310667590de539b4749149822,2021-10-07,
558bf532ec056bf6e7b017a89647dd559d873808cf883dd0dd770b7e6c085dee,1793884,local-authority-eng:BEN,e774618aed7d85f5d30a2a9aecc5ac2bca6bb47ed850c0bcb7a04f2409b47086,2021-10-07,
560be1e59e4d8af73dd0c931ef66ba509ebf0d058fe8b88647ab7a8cece07c11,225882,local-authority-eng:FAR,9fc9a0c3d92a57e3d189547b24b0f7520c452f237720e63059c980108fbab17a,2021-11-13,2021-11-13
565c81c97e7096fbd5b18655cdbc30b30d0b81bcb6139ed6ec1ab55fef10f145,165053,local-authority-eng:BLA,fc062103c3ed7fa0b23efe9470b31b690cf0ad0d6b547d329c1617d55848fde8,2021-10-07,
5663fd462f4984c310274e8e72e73d16037509bff255a60ec10b4df5c0545ec6,9655779,local-authority-eng:DOV,fa5db433020e09894b20be4054f0d31640441f5e63d403c5483f586c1a1dc2bd,2021-12-31,
573bc717f35f65c42a5c5195a325398e5c57d4104c1b98b369f361ea780c626c,551140,local-authority-eng:HAV,9ed19484c06ba345405ca768adbbea2707159f31747896459f925f724962da0e,2021-10-07,
5a2a1f1c2bfbc1d1cf45932d51aa69cb62cd168043223295fea067c7583a9049,649406,local-authority-eng:DAC,dc8ebf8a77ee9b07efb8894432dd2ac8ca907e04942d7e6ca51c59a9a8d8c3d8,2021-10-07,
5b45771afc8eb4a2b400d7d3266e2d37cc206a17feb078e14b6f9461e8eb3ab6,1198544,local-authority-eng:DNC,18cd32c8a0a3769fd005819320145d71fda95f4ce7fec230494b2f4f55bbfaa7,2021-10-07,
5b79ee5122c4781ba9e187cee3a17c4073c002e154a9797759c45fffc5d38626,597510,local-authority-eng:ARU,c7aae9a61662dbba9fc3be863d155c8c6d330cf0bdbec56178e909d374954ee9,2021-10-07,
5bc2c2207f771efd208c3125f33c84f886e1fa1dabe8fec0820c9a2809a6bc2e,1016546,local-authority-eng:BRA,68b3d073b2da18f66119933bc0251cb9d2d81409931a37afd5478182aa898a62,2021-10-07,2022-01-13
5c94a388b37990dd784795424c629e888007d4ef3778f35f07a4b57a93f0e740,2077151,local-authority-eng:TON,fb219399f075edab1625632e7cee8a18b35d93821db45dc58ccff7c38de589ec,2021-12-31,
5cae0c94b0fd08baf7165541b8dc0acd94a8246b61b9fddb25f27a5e5522c3eb,225882,local-authority-eng:FAR,9fc9a0c3d92a57e3d189547b24b0f7520c452f237720e63059c980108fbab17a,2021-12-02,2021-12-09
5cb478c954a4ab7c8a606eb5d9edd8654479712ca43ebf8fa7d478e5a49c543f,1900544,local-authority-eng:HRY,3eef0f435a64ed77a3ff388c0a9c4a262480d8ae75829ee517cfe80f59ac3bd1,2021-11-09,2021-11-09
5cddf69df1a590c87c55e441d6558bfd4a1dc28fcb59ba27af9c310a69b4e4d4,225882,local-authority-eng:FAR,9fc9a0c3d92a57e3d189547b24b0f7520c452f237720e63059c980108fbab17a,2021-10-09,2021-10-09
5e0866263cf16b6f6bce971c901d7abb8d923104f8a10daa740d1894f2ab3d66,2007602,local-authority-eng:DOV,09adbeae5f95f03ad40048411fe319a529a40e89ff11ec3568e6c7c2efeda67b,2021-10-07,
62ff5ca2b8276ef277216290f04b4e60068f802097972e4efcb070bf626ca2d8,2174475,local-authority-eng:LCE,06504c79a74a5ffbdf2b865b61760dbf24102118099320efab5449846a1c7a45,2021-10-07,
63ca8f5cc057e0cab803c653fc24482f4dbaf15313365721628b72e6181ceb82,1524634,local-authority-eng:HER,ffc092b516f472b16145decf240675a3199df30d9629b5f324ae2f5fe902ff9f,2021-10-07,
645db73ddaad9c75d18a0fbfe2361aa02f56e159a02cf227545921962e9fc849,364322,local-authority-eng:HEF,981d606369932d95b797d8cfad81322c400eb46ead6cd844ef89e9e26ea622a1,2021-10-07,
6467dcf7a44b60195b087d48161852b1491178ba44d09c1dc40130162c68a4f1,140412,local-authority-eng:HAA,3e4ff0701f707f5c4a5ec096a38bbd643430752f074c743eaea5160e63b285d4,2021-10-07,
67b489d63d3e7aad691a1cca101e3ef34754e404768248508c6280514adf305a,1162883,local-authority-eng:DBY,91c53dd0e42d65f9512fd942861dd5a9620ea6ea2615038ae44440024e01fc36,2021-10-07,
698e99f742b4f4a5dd09541c2e20f393530fd2170c03c60b4d9a996a5b303632,840316,local-authority-eng:IPS,a116f8120f3e3088df5b5f81dd67d2052f848067a407d7358254dbfcf434349e,2021-12-31,
69b814bafd46e3d0db937b88c34ec8794d91919b34f86b1765e432143fc1ec97,319617,local-authority-eng:WEA,d30413eafe51ad768fa962002ef1b90c5d34678b6d616236d6248e87c7f3ebe6,2021-10-07,
69bde87abd5c3961fe5405c288052ec7bbc43626551de0e79844ef059079faf0,3174400,local-authority-eng:HRY,3eef0f435a64ed77a3ff388c0a9c4a262480d8ae75829ee517cfe80f59ac3bd1,2022-01-26,2022-01-26
6ae597d29b792f496cf336adb58cb4734774af0890bd05681d042ea0652b7fa8,376626,local-authority-eng:IOW,5ffa1a53b37fee7ab7fd93e3551df738a71d74eafbf57a4261780cbc35b0b9ce,2021-10-07,
6b21367609b1e5313eef2e88d1d70c7ac28c33b29c75844961d7899e95c19869,664720,local-authority-eng:BAS,2a10255f20b94dbbc6fc7185076630e8adca6fc2991b622296ecd5fb1879fdc7,2021-10-07,
6d3bec180f0b584f183ef3280a684c5af66af6d2119f081c819efefa7cee817e,6729728,local-authority-eng:HRY,3eef0f435a64ed77a3ff388c0a9c4a262480d8ae75829ee517cfe80f59ac3bd1,2021-10-30,2021-10-30
6f074ece5a7173ce98d0896c65e5aeb0c11e3ababe2e75cc07c010e2269ce145,225882,local-authority-eng:FAR,9fc9a0c3d92a57e3d189547b24b0f7520c452f237720e63059c980108fbab17a,2021-11-03,2021-11-03
700ee0f270f6946e52fde248e6508bf7fd1749c5574c90f7fff98523283b2200,1184458,local-authority-eng:HRW,6f32d09743d6ac95993e2b3e104193acc385d427e56d4fe55818fac2a1c211c2,2021-10-07,
7122ea34aa4144c60514e8f5eea232cb7b9e169e31c5e5afccf35980cabd7aa7,187871,national-park-authority:Q5225646,5c312d8d3fbcdfbb43ea253b1829ab1b029c1524bf5ee1e32c4db129ca99825e,2021-12-31,
716b70c75cfc7c437f54b8cf97e156801ce7816ec02c597fc0d44dc2dc0febc5,2724353,local-authority-eng:GRE,d3ada92df6db8fcfbef682ef4f114fa8c8e06641be3c210544afda36e1fd91ce,2021-10-07,
7226152f707ba4a30a5c62ac96ebc2c86c6d19c744b88fafe645e9d4286e21e9,1006138,local-authority-eng:OAD,f804741e2c88b7e3caade7444b14d91d05ed82df3b7eb06420947d22dcd2bdb8,2021-12-31,
72cd090b673e88507e99770ec36d66f4dc00fbc5110cea455ab3680e9ffdaeea,396760,local-authority-eng:BAR,a8e8dae7f2f31187e2d57531a9dd8feef4b64853736315c28125340e8b63b561,2021-10-07,
74b22e643ce82e8cc69002b52386c08e846006a2a2a8cbc7a9ea610679e73d7b,665258,local-authority-eng:BDF,9ac8afc406ff1b0157e3ecbb3a1ea1bc1a9a0b6ab0b9049f3d52f96322d1915d,2021-10-07,
7563733e346d813effa9d7b9bd1c9ac1c50bd5589630dc539516d4a6515d78c8,347947,local-authority-eng:BNE,ddb704aed13c92c3a34e558445694a4ea3c69690217ae7460432bc7b68696e93,2021-10-07,
75d9167b80dfb83d1404997a06687c37b492e3206a73e50b1217053b21b1b707,150947,local-authority-eng:HIG,c97570f9393d2c3f422004bf89d0402cd640920e8c27cddd17a8c8226bdc4a0c,2021-10-07,
77eb8ea9a284f8ed0f8969d29b98ad803bb71d7f49342d2d5f176d45cd3595d3,15953,government-organisation:D4,1b70255ed4436e67e6c7a805c58eeaa1d941ce5cbb1a52ba3ce6dcd3d5ea6481,2021-03-24,2021-10-06
78ce46f34293512bd3ee01c3cab78c9e5a14c66c3aeed8beca6930d49bf2fd8f,245192,national-park-authority:Q72617669,59cad50d538a308491c0728cd209b9f5697d02df80a8f9d0542ed9de63af43f6,2022-01-05,
79470d4684bf6514bb78ef3122bffee09344a6d17e500bf8c83bb743b5c413f7,391608,local-authority-eng:HAO,d10c9433f20c1c174abca6b42e7b5c8b839c002f396d9aa1dba3bf2fe7a94a78,2021-12-31,
7950d2a3e60a63cfe35203540ff38726df385be477e707561d1ac084e2dcf750,323057,local-authority-eng:BST,f91378c528ebfad8b46f39dc38dd7897235bfabf1673c850a84831a101fb3449,2021-10-07,
7a6d000fb1b8971934931d499f3c3f3b65f81ee26a3e94cc80fdaee05ec1f6f5,83939,local-authority-eng:BIR,8ae80058452da4ad26c8bf60c2d1611908e632d46a705a88402bc58500e6ca83,2021-10-07,
7adb1ec2d9b31b7cd8935b85a2363faf43852bb99f9d6532bb528d1a350af23f,1227678,local-authority-eng:SFK,8c70185d3821e40c4a4f985883bd8fe235d3aac78a76e398ae3961c44338b7c0,2021-12-31,
7af6d78e89d2b3808dda509cb12df22a47a7838bc74c68b6fcc4e1b1ffff1263,360770,local-authority-eng:BKM,de3f73c5491a46ff7a231b5408a8e015d056948f1598494c432874b1dcb1ecba,2021-10-07,
7b2ab124055f31d6a6ff5a0d969cc14fa75d50b1bd06978b2f0d6ea0ed827734,279665,local-authority-eng:CAB,3dd5d93621d72791fd4ae11a79e0ba4e4c709280d4a00c4fa6b47b1e3ac01424,2021-10-07,
7b38af5197a66cdcb945765f41c309d1765df8e1da4460dec83305b39a37af4e,20841,local-authority-eng:COV,fe7e94dc076bfc9fa05b563cdc99cb16cf30eb40fed3ff2d8e930d001a4560eb,2022-01-27,
7b57a7d1bbb780ad2d407139848460174b00c035cbc3ac3434f3c90618a98de0,5435392,local-authority-eng:HRY,3eef0f435a64ed77a3ff388c0a9c4a262480d8ae75829ee517cfe80f59ac3bd1,2022-01-17,2022-01-17
7bc71c716645c65f33a1395980fff06e272ff9716cc84075023ff79dada6aa80,1041680,local-authority-eng:KIR,244925ef43ac055594afc22dc9c73c8bfe26f9afb20ff6d232979242deb5fe88,2021-10-07,
7c378fe61e91580b930d36f094d3a6db099107922b3dd1b0d88e847d625d6a5a,450159,local-authority-eng:SHA,60fc33a9f11f98f7ba5d8db75f5a3024e3d818085bc71745e37b3a33a9d941d2,2021-12-31,
7d001a02c804711bd21933f25f329c1f6160aae309a9d8c25999f4582a92b000,5705042,local-authority-eng:WAE,87bea1d1f57fc89f6a241470727a941b0887d96850155222bd36f0dd00f3dc8e,2021-10-07,
7f214e55651666ca645fcc09697887707dd899b49a12a660bcfff817e5badeae,2616652,local-authority-eng:EAT,93d88ab92453ea582c3cfa2d88a62bb93940f85f278bd79bf03436334537b406,2021-10-07,
806d62c4930aba7f31c1ecee9346c7fcc8d718a2f771c58473f8b0fad060aefc,386201,local-authority-eng:WAR,23eeccab8e571e5d4ccec6f1f91545e0e2b2308ebd9c9ad3f222a13ac25c69fc,2021-10-07,
8092b922284d78b5c764a8fb7b3d649c31aa60a4513d616ea2ab0153b743e76b,371591,local-authority-eng:TUN,866843158e425d2edf971141e0f017a2fbf14f49a9de602535be2424c992a00c,2021-12-31,
81971fb1a3bd5fa1e829bd168947b6056f61726ba06d1ece7cf905120156c5b4,133845,local-authority-eng:DST;local-authority-eng:EDO,128f71b6690181ddeb3d80423220958032e8a454013f6eca86cd8a1e1af96a87;b9d398c98cf2cce84c2f862d42e6d7c13bb39cbdc80a0ab769a4e46f5491c27a,2021-10-07,
83298b6364055e6490b3e2af256406d4e985f19b924857c31ec876396270fda6,2576384,local-authority-eng:HRY,3eef0f435a64ed77a3ff388c0a9c4a262480d8ae75829ee517cfe80f59ac3bd1,2021-12-11,2021-12-11
84b0367c0436265475a33f699bb456c0a71ff12d5928f5c410449a337dd48d43,225882,local-authority-eng:FAR,9fc9a0c3d92a57e3d189547b24b0f7520c452f237720e63059c980108fbab17a,2021-11-18,2021-11-18
870defa92a3d832f652b2f1534c21d488f3c9c29f80300cc6f066bb5e07c1501,1619058,local-authority-eng:BOS,0c979d628ff89fdb367c1d2d710899bdf3432b233089a4b754c8b7adecd3308d,2021-10-07,
876b54381662a10aaf0cdd5841ac2de901e216f907f79828553707c33933a1f1,473884,local-authority-eng:BRE,85d7fcc9d65b3657b76df05bf8d83ef99aeaeb0b85da70eeb2c797209a81b86f,2021-12-22,
87aec7faee6311176a91479286796da6dcac9734102f6c8800d9ee53c07a5f83,225882,local-authority-eng:FAR,9fc9a0c3d92a57e3d189547b24b0f7520c452f237720e63059c980108fbab17a,2021-10-13,2021-10-13
8896c801e9f1e6a6306fe516f8587b2d8f0fefe1ba45ad447623e7413813c879,199997,local-authority-eng:HAA,951dad0777b3fa612d583b161f0fc280e7e162ac548413ef6dae6c2d21faa5d8,2021-10-07,
89f657d253aa7f91c4e99e3449749d1e91f798d44085d664dc6a7ebf68ee2938,883745,local-authority-eng:BNH,20263be3973e460fe07eb1f9d7f963dba8954cf8528954b647681ba01c39f5c7,2021-10-07,
8a0b463e2712ed78aedbf9a42a71f9b457665b6776fb3563362c3508333efd43,6855918,local-authority-eng:SWT,d163d47e30235a5a308d06f2498dfd98e99c987fd29cf7301c3794e5905100a0,2021-12-31,2022-01-10
8a2ca688228e8a0e023357b844f93c9f57a04adef275ae3bdd5539032d23336e,1066725,local-authority-eng:HUN,0879466b7fec84e5f178d2cf50cbf9058fcd37251a7f2cfc49b75affe2c0fc1a,2021-10-07,
8afd948419bc44f595d35a72891f4991f6e497a7660b4643628473bd259aae30,225882,local-authority-eng:FAR,9fc9a0c3d92a57e3d189547b24b0f7520c452f237720e63059c980108fbab17a,2021-11-08,2021-11-08
8b656ab244bc6a4570705b0a29e260921a55a6b992c924b32dfbff39ae2b1f19,277815,local-authority-eng:EHA,439d874b5d10ff265685aa347e0b2b8e9728459e4ee0fed1663edbc082613a38;4c27580d9b906a063805c02577483dd9685187fe2758c927864382e7bd79eaa3,2021-10-07,
8e36fac5980e4134d7ad6358aaa94991315c4bf0cb0b9ba59ca28affaaa8b090,1266249,local-authority-eng:BMH;local-authority-eng:BPC;local-authority-eng:CHC,d8ac5f719211d3c9c14dc1f01719ee50fe06f057258656ba607612efc8a4a91e,2021-10-07,2021-12-30
8f228154d0ebedaeacb42d1dbf788b4e3934e4bc6a92b075c0f75999c20c50c7,225882,local-authority-eng:FAR,9fc9a0c3d92a57e3d189547b24b0f7520c452f237720e63059c980108fbab17a,2021-12-27,2021-12-27
90db5a2a78f38800afcd105bd99a4573b94557c46b9efa07ab2d94e0503f2eee,164869,local-authority-eng:DUR,dcaca4692ec864d13854b3a4399317f408cfd5e81ccb26d60e36bbb87ac84210,2021-12-01,
92a4bf6c3164cd8b0a63ea2874cfd3f748d79a1a768f7767103e75707f39fc75,280418,local-authority-eng:BST,21fb89f2136f9b7a53427620b392a1d5258aadcc04e217086d99c658d1472459,2021-10-07,
94a462b46fd14d3ef26cf19522b95d5d10520694ad579c59c5477e66080964a4,135033,local-authority-eng:FEN,ae6d743a53a0aec8da3108542d69e9b0110c625434dcd58799af9d90351ba8a2,2021-10-07,2022-02-01
9509d990994dcf6804964590e6c1d1409acd6d95ca1c19e917ec5b180b7a8a52,734500,local-authority-eng:LBH,f2f6fb4557cdb2583139fccd0df2a5beca4f927006599e558a57f8a2051cb097,2021-10-07,
968fbc0e264616baa405f9869db87d4e2cfa9c7467f21fe90030c3ef9d209060,1172023,local-authority-eng:HAE,92db435ebc02b156c6ae78e29f21668202e5ccf3022f168428f2f59eabe8757a,2021-10-07,
96b46ff870768b9b30672a50622c076cfc91bb562b178e98db2461db6fa42788,382571,local-authority-eng:CRY,c41db71142cd059f2fe84d2a7cd989e58602580aefb6bdc37a416de5e834b37b,2021-10-07,
97197e189fe2f6120c62ce4d9785980d2739c4c93d32257fed16ddf1bc3b7313,1665202,local-authority-eng:ASH,a8e55af7d5f986e08f4c6bf59c68f6cf6f123fa0ce03fba4ff0489a9bffde071,2021-10-07,2021-10-22
977e57e53e7edb445661fff6d82a689a6af4111ba0d82055e4e39d00799dbe3f,509168,local-authority-eng:BRY,f6c5c3d6f52637f214c1a6f16cbdf67273367379f8e4e24879a842e33a0b70d2,2021-10-07,
97a5450d1caa2aa284477a63be8be2381f86e8bc48ea4b9f9c5bca306d406907,231637,local-authority-eng:EHE,0127ed91df27762575e03d16b355b6c32e3b0743e447c534e4acf46c51f6e9ac,2021-12-31,
99d5bc8d8321f9915900b83301c605d9e6eb8470bfa3b476bd5904ce65552b6f,1239644,local-authority-eng:CHR,4fc6709406783acb9def622f000d64352bbc87c6771a45266974e63dde8064f0,2021-12-31,
99ecd8e8d0a95bc6557f76d66a3eb8d66249a4abae09903d4865568cca3a64cc,224675,local-authority-eng:BIR,26ac42b2219b2e18f218c71534e08667d2a8b3bff4ff0beffb826142f55d0cc8,2021-10-07,
9a2c15488a886a808ff2d007e4e946fdba829e9f1052ac653cbfb5fff72fe684,245891,local-authority-eng:BRM,46c6c7073a011c94f0bb87881b2f0288226590b3dac340e003cbe27a58f215eb,2021-10-07,
9bd05350329a71605f5fc7caab9732e6c6b952c1b08f1d9e8119c638afa7f976,225882,local-authority-eng:FAR,9fc9a0c3d92a57e3d189547b24b0f7520c452f237720e63059c980108fbab17a,2021-10-21,2021-10-21
9d1a94a718cb742f14cd4be301097cdb8ededdc93e109d57961abcedb6e6767f,225882,local-authority-eng:FAR,9fc9a0c3d92a57e3d189547b24b0f7520c452f237720e63059c980108fbab17a,2021-10-28,2021-10-28
9d4f531d54139b5eebf27d9ab1859185e377600039a9ffd7b44f0adf0ef9fb4c,802439,local-authority-eng:HIL,089ffcd78ad81c3ffaa43342a8a7a66fabf7be3562bb203981b09a5a56683e2e,2021-10-07,
9e63d317198ebe670b334fddcbeb45dfe19a4ed0514656f9f39be525a118509e,9654172,local-authority-eng:DOV,988c5b1794ccc7dd17e0d1fdb54a929c24bc7e431ee5dd6832402b9c702d8f6b,2021-11-05,
9fa4549ec82a76a8278d00983fdcf73a6b4188da55e5a887b96b75da3770e893,225882,local-authority-eng:FAR,9fc9a0c3d92a57e3d189547b24b0f7520c452f237720e63059c980108fbab17a,2021-12-23,2021-12-23
a33dbf7521ca996e9623df3c9feee59fa12efd142d3a4d6827cd1fd6e9d7cbaa,323022,local-authority-eng:COV,9fb16edabe4c548104ebb277d2f20ba23c905d185172695329ac4ddad5070c2f,2021-10-07,
a4e26f7fb3db04b1593c0a9c69b4733619fa24d1c43cf67090e24e89df0566d4,995785,local-authority-eng:LEE,ef4c7aaa6d3a24ab851b53cb790c6569872e0f2208a7680350354c64e732c652,2021-10-07,
a5723db31b6fd5810200aff040b842c0edfa8cd5793cd0a441e58289e40a5ea6,225882,local-authority-eng:FAR,9fc9a0c3d92a57e3d189547b24b0f7520c452f237720e63059c980108fbab17a,2021-12-03,2021-12-03
a5a0c7ad6fed41220089cf75cddf0370df72e12a59df9cf8a4a05064812bc0ab,3055852,local-authority-eng:CON,e06e1f4d1d3ff69e172baec08db9201e6d750ea50952bb35659e477e710a08d3,2021-10-07,2021-12-21
a6d84c28e8bb9c9dec0b2e45f2a4ffa187c53c83a9190d3a3cdede58e43a6e2a,225882,local-authority-eng:FAR,9fc9a0c3d92a57e3d189547b24b0f7520c452f237720e63059c980108fbab17a,2021-12-31,2022-01-20
a6f0443235eb842d786bc860c4275370189c83d6e2ca5b33d0960faa706ba857,4272133,local-authority-eng:UTT,548fb69e737b59329f7ed27c120eb24b808265a1d6542a48a290ba5c67371254,2021-10-07,
a7a131c39e0467a6f91b2497f02848d40403635e60e97953827c6cb6281adba6,1830912,local-authority-eng:HRY,3eef0f435a64ed77a3ff388c0a9c4a262480d8ae75829ee517cfe80f59ac3bd1,2022-01-05,2022-01-05
a7b868411b7f3802785d9fab86d8dd3d85d07d3c172f91d465ef0352c9815503,4816896,local-authority-eng:HRY,3eef0f435a64ed77a3ff388c0a9c4a262480d8ae75829ee517cfe80f59ac3bd1,2022-02-09,
a7e3e28e81b1ebff6ed80d3a617e084fa7783e5d88a27db813dab3af7628f2a6,188637,local-authority-eng:HIL,fdfc2251542931a81591d966323552bf19dd36d01de289ebb3a7c704a870b94a,2021-10-07,
a7f8a7c4f1a74afd30fd5bfda6b469e59e608661eb87d710a2e7938954e83908,382446,local-authority-eng:NLN,8e70de0fd9520a3d57528acc5572b6ca78c0118409c625c94258414af5c89bda,2021-12-31,
a815ac2624787d0f23153c7cd5c2a319f793a718e3c9512c552de71ba5c4de6a,207165,local-authority-eng:COR,d201b2332296af8d004fe0e0df6eef6917475fb8f6276b73d8d9d690e2a6d852,2021-10-07,
a8693b5c75aafd80dd4271f935ac09f879d53d79e764611918907a808462e1e9,2560000,local-authority-eng:HRY,3eef0f435a64ed77a3ff388c0a9c4a262480d8ae75829ee517cfe80f59ac3bd1,2021-12-07,2021-12-07
a97b214e89baec7fbe630122752d3a7c3bd43218e772d0a2fe9fb54eb1075b79,219196,local-authority-eng:SNR,d842e3771a4b8542bb1fb18d8bea8a44057729b0e51d7d31ef4abe58c197d0df,2021-12-31,
aaa7bb26b7e8c0234d670502069eca1cf51f9832da9d436b028bb8921b1ba2f2,76631,local-authority-eng:SNO,143b0a45cc1820c9a7379ebaaf8b7654cca269aed6dc389ea6afd4d5fced505d,2021-10-07,
ab8a905a3a1e11c3b3bfcc8b3a2c7e4be3ecd279dddbd81e6df6dbd69809cb8f,4796416,local-authority-eng:HRY,3eef0f435a64ed77a3ff388c0a9c4a262480d8ae75829ee517cfe80f59ac3bd1,2021-10-09,2021-10-09
ab93f34d8e8fca2504019e3d18b27e68c8c59219a05c2ece1d9b58f862b2e4c6,229760,local-authority-eng:NLN,bbb641f7425d5ee67a1543814cdb1ee8f83559af44a6d637064eeffe56dd5e8b,2021-12-31,
ac05d1f4e69af7c92c3165ffd3bc4a5485165cd2f632b06721974b9c1dea3761,141928,local-authority-eng:FEN,ae6d743a53a0aec8da3108542d69e9b0110c625434dcd58799af9d90351ba8a2,2022-02-02,
ac4d03ce5d75b0f656a4d9910ee523eda16c4302d961cc21cf5255ff7e79b157,389117,local-authority-eng:COL,eb62d80fe3552c8ab497d9333a032d2255aa6fba89e78d0d49fe7dd288ba546e,2021-10-07,
aee5733bd9b3a208fd8977dee758c5423b658c5171935dcd7571f5301c914041,903216,local-authority-eng:HAT,c450f3c97f17212a8060a3579f6fcc3f6710a227fa153da7ba7b810482b77a70,2021-12-31,
b06e4f57135f1c478d8ad77e310227e959567e9cd4867469c855a76db934ffa9,8692730,local-authority-eng:BBD,942c4cdd05ddb16467e2e5900dc7e0c6bc240cfc1a868d0db484bfc4a5868237,2021-10-07,
b0d95e3f8d37a1ed1c9232f2f90a32e9a5fb5b918f3927defe626e8290753e60,225882,local-authority-eng:FAR,9fc9a0c3d92a57e3d189547b24b0f7520c452f237720e63059c980108fbab17a,2022-01-01,2022-01-01
b11fc93e2aa8fc1e9da08b96ff00520af1e0bbf0659cecc301786609cbfec533,79037,local-authority-eng:CHI,eba1f944751ddbcd6423dba420446ef1c3fbfefde6b4b4fb9ff869f0970b56aa,2021-10-07,
b388d3309febc628f4d6d4b396d3001ba3395c3b7db6498c67e96d809e3a48dc,225882,local-authority-eng:FAR,9fc9a0c3d92a57e3d189547b24b0f7520c452f237720e63059c980108fbab17a,2022-01-22,2022-01-22
b397a71fbe6b6296a125e2e85408afec728f8af7b687a7ed99a139ac50a4308d,251726,local-authority-eng:CRA,6ef659299311cfddcfa2e432df6128234bc46ee0af2d73baf9f0195ff34e1961,2021-10-07,
b3b2b2477efdb60adc765920d6d0ef71c3ac417ad1231a3b6d3c8fa5703e5678,225882,local-authority-eng:FAR,9fc9a0c3d92a57e3d189547b24b0f7520c452f237720e63059c980108fbab17a,2021-11-02,2021-11-02
b508a3d972d17a2377ff5a99ab0044105cf81c38859bd4517d491f942fd1d824,671105,local-authority-eng:HAG,fb4e3fd74e18bde550761c1bac71a4b1302540a0b0034c54125d48fa047d664b,2021-10-07,
b5285587c30d3c71d176439a03505d20e9bee538babf1e45c934a0ec9885f044,488671,local-authority-eng:HAO,4f595883eddf82780a8db4c77484c97ab9e7827fa380b541f09364708268df1c,2021-10-07,
b877ee36c486e3bd0d2f461b23a507af21f46ea28383984b45f1aabad93e6d96,366254,local-authority-eng:WDE,eafe11c1f0589db0efe3382e8fc1e6551c8511f2d489b86ff30b0d7cdcc1f32f,2021-12-31,
bc1c0d7fc765c8433fdc15f1e9f42ba9f6b7fe645c88ad800a8f5f3d36cd47d4,23990,local-authority-eng:HAA,1091f2a5a25059d734d7babe775d4acba270a498bb060eee0b864b96cf6bc413,2021-10-07,
bc352c92496d185eb7ab794024fa491af8e07f21f52a83ced991cf5b8ae85292,200411,local-authority-eng:HAA,6b9124f44cc2da69e163864bc70de9b21685e96a3b283fdb8c9ee139843beb92,2021-10-07,
bc3c34aaccdd260f33e035a9aee6d28e7a8095d1e32bbab4651c49140b02c128,4956160,local-authority-eng:HRY,3eef0f435a64ed77a3ff388c0a9c4a262480d8ae75829ee517cfe80f59ac3bd1,2021-10-12,2021-10-12
bc4ed8dbbc7d724de50ca3d83590d02c42a36b9efe6088d9a6d609dc361616bf,890299,local-authority-eng:HAR,92559043abb89507657437b99509e1f7de0fe1567cd0a452c867097b4154fb5e,2021-10-07,2021-11-30
bd94fe78bcbf2439f4bb0e9e879a410c94f3736933377ed009322ba459075c15,191770,local-authority-eng:DAV,ae81eab55e5c8eb77ffd6b5e87c25fdd1313e4b209e539ad2adbe800de9a1069,2021-10-07,
bf5fd8346dcd48038297ce54599f97b4707ea82afe70921c57d3922c28a64049,271519,local-authority-eng:IPS,277ecea1f541de103b16654927fdd67a5d8aac92e656bb7f3ea60a063512ccec,2021-10-07,
bfe16f4b587c58ebb6ce4ab02536fcf62bb9b8c2acf54aed2f61c611d2e47211,551543,local-authority-eng:BEX,ad1dbc2aae2501c6b31be2cc588e705667d34b7421b02fbba3047924b47b787a,2021-10-07,
c0ce83ffdb6acdaf3491d6bcfb3a55e766acb6f17596b06d4abd9afe416a55dd,222686,local-authority-eng:GAT,7be0e72d40bcfede861b68a0bbbf9afd2d8ca59abaec4d0482726930047c7b6e;a6d9b8c41d059ab14076d1d4c3566b5a499c6b6d942b39f4d27ecabd320b24fa,2021-12-22,2022-01-10
c16d3c3376f16a4be9aeb73a36712ba93b8a902bb0aa06b50e61074132eb2746,225882,local-authority-eng:FAR,9fc9a0c3d92a57e3d189547b24b0f7520c452f237720e63059c980108fbab17a,2021-10-19,2021-12-29
c181634d17e4dafa4264fcfe5cdb5fe165e0ca2f2b44bdb7f54690998fbe046c,3352963,local-authority-eng:NEA,b01ad5b74cd28e4ca2b0cb275d7ac3a6d6472eeaedb18adcda45a20103bde6c3,2021-12-31,
c2c78907c03dff81a510cdc115f8c99d4cc09f8c9bce9b8fc6f7a635c217b8cc,2392064,local-authority-eng:HRY,3eef0f435a64ed77a3ff388c0a9c4a262480d8ae75829ee517cfe80f59ac3bd1,2022-01-25,2022-01-25
c652fac55b6910644c8856da5b3f294d9358ae5753e14d878952dce53b9e0ef8,749683,local-authority-eng:DUD,31599aa681abc9e7e650a6a4ebea8d79afcd8b5e4315ead57851d65af8cdbae2,2021-10-07,
c6d09b234c0b9acb4271ef0e8b95a3519f6067f27510dc7b4216d9fb2b92d6fc,450124,local-authority-eng:EXE,a5bc74dc89c00066f2dd49bc92365c41d9e9db2e4ab682d244b030496b47e267,2021-10-07,
c6da8c1d474cc73ba260056b11aecd01151bd11128e8010d36841922a5d891bd,2863644,local-authority-eng:SND,409368d3d33f68660b180ca9e728b630b51c8433849095e8d2e6a703fd2cc09f,2021-12-31,
c6deab0caad0706b2bf77e3c29914e7622bd4790cd9734d8cc8b165cfd59566a,111788,local-authority-eng:HAA,a6105ad23a0f68668486738b17d1fca9bdea3ac7e9e3b13823cd132698339b7a,2021-10-07,
c6fbd526985fec412f5ec22e8b4e40c6d9319a365aad5e5919fb41a11e3f67d0,1119880,local-authority-eng:KHL,701ab3580c2c61ba6f5ca3237f62cfa6db253a0116248456686565b0968f88d6,2021-10-07,
c858236d4809b0993bc3e5dac8d11e751d53db5120343810329fc7fe36c5831d,352911,local-authority-eng:EHA,460f5685086d7925af373c700be4dd37024fe8b8780b07fb5cd3fe6b0848c07f,2021-12-31,
c8bdb65edf1c9bdc6d1a55b063fc1eaed6a2db3f2993cbd2a3806058fa921706,225882,local-authority-eng:FAR,9fc9a0c3d92a57e3d189547b24b0f7520c452f237720e63059c980108fbab17a,2021-10-16,2021-10-16
c9a6762893315eaf796970195d4fbd9ee2d6fb2ba0a4aa5cc757c05ff36aed27,234209,local-authority-eng:CHO,ac0a54dcf6f83b020b2e64871b4f649d80ea1e428c83f2ac12c4db1c323f76d1,2021-10-07,
c9a6bff615ada067158c5f6861f10e7957c5df069b831d1a3ca493a939b9b342,202148,local-authority-eng:GAT,7be0e72d40bcfede861b68a0bbbf9afd2d8ca59abaec4d0482726930047c7b6e;a6d9b8c41d059ab14076d1d4c3566b5a499c6b6d942b39f4d27ecabd320b24fa,2021-10-07,
ca7e51adac2e1b5b37fb64cb5e2f4e3e5d0f83845c102d4a84fef88f5b635ab5,266381,local-authority-eng:GLS,da80a4183e4336ade649b6da864a669ea708cd913bb5f9a747852b81107570b8,2021-10-07,2022-01-26
ca9847ee7eb0f47c911779a1e51ba9247e8168c4ad70ffa055bc0fc5590c4b94,3383296,local-authority-eng:HRY,3eef0f435a64ed77a3ff388c0a9c4a262480d8ae75829ee517cfe80f59ac3bd1,2021-12-23,2021-12-23
cb4f807b8cc7e3ead78215b833ef4f5e62b9293739ea4bef00cfaed3a2c9fdd3,525826,local-authority-eng:HAT,7d5974dbdd3f844cac19ac06419921a7b5719704a1f934322e3dfeeda261a930,2021-10-07,
cc3c40550d6bc0d5789cbaddb826bb937f16e0bef0d37bdbc45b2327be77f6e5,181368,local-authority-eng:KIN,0361ecdc4ae9068421f26514c9cb4a09ef237d6500a6d5cb34fc5c8f6e4e65ee,2021-10-07,
cfd268e317d4753c96341d5d7bbd62c2428bd005bd1bc47a690eae452206f57e,2347008,local-authority-eng:HRY,3eef0f435a64ed77a3ff388c0a9c4a262480d8ae75829ee517cfe80f59ac3bd1,2021-10-17,2021-10-17
d1b0346ec928a3b866a4fc01394a5782a8166b3ff209ac0f911fa721a0d67ec9,274119,local-authority-eng:KIN,1f1cd2dba43c064b5e3ebae59e2e0119545f2e873030079b6a2098c41d5a78cb;aa2166dbb7a92e07a5a5c223e1b03375df334c00f17f21915843f7a0aedf7782,2021-10-07,
d388c12ad9cc3e076f3d12b5c431dde02560992808f8e05d3238b22c26730f4b,2670190,local-authority-eng:BRD,933b60dd98108d0b26e35a2fa7a78d6418742193485145f51bfd758619306f98,2021-10-07,
d5763b2d423568157ce3d8def501bef3460a825ee2c9175acee43cdc5d1b63c3,225882,local-authority-eng:FAR,9fc9a0c3d92a57e3d189547b24b0f7520c452f237720e63059c980108fbab17a,2021-10-29,2022-01-25
d586e2ab3a8de7b468aa0dd79e438e569223be96d4505e17fc4b0209aa12f7e6,241706,local-authority-eng:KWL,7f566cd881fc0dc85d724fb2f7f42296a2dcbe9c3f1c3fc9497727ee5cda52b9,2021-10-07,
d5a142be10893776bf97eebf12be7b7b98037721023ce09b7f4121a4f89a1e65,10213,local-authority-eng:HAA,185739feb057a64f4eb1d67d517fa0a4cd536bb8193443571cec9831fbb60e73,2021-10-07,
d696ced28a0e1959911f304ba6853cb6fd7a9b305fc726dbbd0df784e4425941,225882,local-authority-eng:FAR,9fc9a0c3d92a57e3d189547b24b0f7520c452f237720e63059c980108fbab17a,2021-10-26,2021-12-28
d740ce6a9812a9b08ae7c99689cb4156fad79b87e1638a80985dd657ad9519ba,3182592,local-authority-eng:HRY,3eef0f435a64ed77a3ff388c0a9c4a262480d8ae75829ee517cfe80f59ac3bd1,2022-01-28,2022-01-28
d885253669602674b2b8f0cca92d65dfae4d744ccd360780ca7e5a9d74720ffe,225882,local-authority-eng:FAR,9fc9a0c3d92a57e3d189547b24b0f7520c452f237720e63059c980108fbab17a,2021-11-14,2021-11-14
d88b76363c86d6f98244f9ba1aa789eac2dbf39a130d60be8c44c286f98a3d0d,225882,local-authority-eng:FAR,9fc9a0c3d92a57e3d189547b24b0f7520c452f237720e63059c980108fbab17a,2021-10-10,2021-10-15
d969ec125ab6a79539e0becdec9cf61f7c7123cf67e6c33239f65b0311e2fa1e,325005,local-authority-eng:COV,fe7e94dc076bfc9fa05b563cdc99cb16cf30eb40fed3ff2d8e930d001a4560eb,2021-12-31,2022-01-26
d9a55ad16c52528f315024a0bf79c2cb53e9b4b8f490156b46a74e5c9668533c,3417265,local-authority-eng:SND,4942845967080560fbe755855a36ed3963c7399bf56fddce7efc9d4ac39b4636,2021-12-31,
da2819e4416c260da29dfe698c6a407b3c75d04e52e9079c82134eff96cad9c5,190347,local-authority-eng:HIL,658fc4a39ed58f305dc7aa7fee3a65b0190e85469665a65b5a78ae1f6bdc6278,2021-10-07,
dee0cb1730898150cadc1760003701e137cf0c35ee87bfcc96690f948c5ecd0d,579274,local-authority-eng:ALL,16fa70abec2eb985141ed00f939de913c34bec572d6e7bf5bd87c76c6ae9c201,2021-10-07,
df7d6c16982345d5493a24a24cae035eba88925f11f83c69ecd80e6f760586a7,795850,local-authority-eng:BRC,06ff3c98b372b5ef9c8372a336b6ab94be2929b7f68eecf92bd96eeef8cffc21,2021-10-07,2021-12-15
dfb32970228a1cc89d9eaaf3ca3f6cbb77ba8cc4610da68cbdc4b5fec77000f2,547530,local-authority-eng:KIN,3f71fd38f777ec059d0eca3fdfaf2310cfd41d636ab4927f69c596f1dc93cceb,2021-12-31,
e16909fb53ee553936ef777578f4d6b35f64885829f1642be81163c3e499bd0f,294249,local-authority-eng:BOL,274f98086852e74191da50eb718d02d4443a5836e6b221ac5edb715574486114,2021-12-31,
e1ed36e1ae29199a5f6047be01180c9b618ac90f36d5886a9e3b881d590eebc6,835769,local-authority-eng:DEB,8e62cd7f38d283f38905a9e26edec54dfa7d54c47677756bbf5ca5906f0f10a1,2021-10-07,
e1f8e75ca678bd8304ba316df8445ca8fe73411f08f78759e757f6c3b4ef6d61,672857,national-park-authority:Q20198711,ce97b278b6b2f855c166e61fec2396e8cbb8f321881a4d402c96303c7bd96334,2021-10-07,
e21e5a694af20967b6e0f7992fc9b5837817f57a1d6aebe2b0ff5364ccffcec2,290465,local-authority-eng:BDG,c8caacaa53c479b55b1edd8969ef14d5ccf0dc3548242b2a6234d0727e11a76a,2021-10-07,
e224d4726643b99c4d84a0ef035203529e4a3c9a101bc176cad4d33da1c3d7f9,990378,local-authority-eng:EAS,36b12ee9a0cb352b9ef947310a1802d056cc26e7814ebb9888c27d894c90e170,2021-10-07,
e235cab73d66c5fa257ad497a439647520ae7d3404b4a8118b0c94cf2c7fbdaa,794624,local-authority-eng:HRY,3eef0f435a64ed77a3ff388c0a9c4a262480d8ae75829ee517cfe80f59ac3bd1,2022-01-21,2022-01-21
e2e8cb57103b4a26a1c9f98264fa8d0936e34e38734b734a142acc9d95afdca0,339923,local-authority-eng:BPL,730a5f63ac8570d15159b2ca15b63e8c0e4ace05e0f3a411fb8a632c6928620c,2021-10-08,2022-02-05
e2fff819204a1687362edb89b5c489b95a1aca0755850cafda15e4e7c8ae8529,225882,local-authority-eng:FAR,9fc9a0c3d92a57e3d189547b24b0f7520c452f237720e63059c980108fbab17a,2022-01-06,2022-01-06
e39760bc1c431a0ad9718815f2b556be11a3b82b125b0dba1deda2b05a13f1e3,6758901,local-authority-eng:HRY,3eef0f435a64ed77a3ff388c0a9c4a262480d8ae75829ee517cfe80f59ac3bd1,2021-10-07,2022-02-08
e5ec3a92ab4b9e7e85cc7f66d8bb950528acda03de5f3b73f033507cf91a90d6,6438912,local-authority-eng:HRY,3eef0f435a64ed77a3ff388c0a9c4a262480d8ae75829ee517cfe80f59ac3bd1,2021-12-28,2021-12-28
e6a2e2127074abbefdecd1e7e0dd0dc6453dbb922a877b244a6742715c6f753c,702481,local-authority-eng:GED,bf8f87e213f3362f64531ee47cfd3e469c8abd81e243d718eed871dfb607a8a0,2021-10-07,
e8006695951c762a8dd3cda965618cb5d0909706f88eb5d7635cbc7e86dd20b6,10647,local-authority-eng:HAA,485a6916b21b5b3a59d52f1dac70a772872da500bfc129b04f1e5e2f66d3df31,2021-10-07,
e83f1ef79ae487230e31ca6356f140cff0ca220080f29b0eac7f8acfd14b22dd,1078656,local-authority-eng:DAR,b7579e709a8af6b6a00d9ef396222b6e02a9fce3988a250a893c71b20eb12171,2021-10-07,2022-01-25
e88268530a1e1715acda465694cddda93bd13d4e526d995eae42bde403c7becd,65310,local-authority-eng:CHI,97bbde7d1dff8a2223c581ee5f19427fc9bfad6340a16751c81b3cda7b43c7fe,2021-12-31,
e8c0c065c07edd358238657ec55935548586d3943bc11fa6280fff25033571db,2815128,local-authority-eng:LCE,aa47e9e42f6bd3f36b704cf2d81f6ace34ecdf4ffeb62b1e5eaab41feac50813,2021-10-07,
e8c50abb0f8faaef3fe753dbdb588b301b546f8eef03fd6a9178d602e6874734,660796,local-authority-eng:HPL,373009278732adb2afaf5c26bdcfda06ef393c2bdafafb2d6de16465b28acd2f,2021-10-07,
e96a03dbdd906f9e49021a860b70384e897e139eb9e7230e6c416dba8a404677,3338240,local-authority-eng:HRY,3eef0f435a64ed77a3ff388c0a9c4a262480d8ae75829ee517cfe80f59ac3bd1,2021-11-15,2021-11-15
e97114bdfeb1ab886f767e18e6542f55d6004ac298c6d44f90e98c979169088b,225882,local-authority-eng:FAR,9fc9a0c3d92a57e3d189547b24b0f7520c452f237720e63059c980108fbab17a,2021-10-14,2021-11-15
eda4cf0b8bac60e75abdc3689b43325e7f126f2ef2ac7c484bdb68550cf810f4,883242,local-authority-eng:TUN,7e3e9957402790d85c1f0dcc7cc2bb9fd4e14d949f7575694e9e6c0fac7b7f51,2021-12-31,
eef347da8afa59e05b9fa14ad8cbaaf2e7a083cbc1e4d40d202fc5e8a0eff9e4,225882,local-authority-eng:FAR,9fc9a0c3d92a57e3d189547b24b0f7520c452f237720e63059c980108fbab17a,2021-11-12,2022-01-10
eef7d619c7dc7ff910544b7601aeffa3b4553748e3a928dcd16ca44cb42471fd,225882,local-authority-eng:FAR,9fc9a0c3d92a57e3d189547b24b0f7520c452f237720e63059c980108fbab17a,2021-12-08,2021-12-08
ef25dc1f8f253195c110e2e8e23f9d1d4124ba792407a13182bae4d8d17f90bd,210004,local-authority-eng:ECA,700acf45617f0187bccd8e3e545ac543215ed3a6233910f9e42254722a0fd61c,2021-10-07,
ef6cf44707408c715ce1beea0638090f88232347736408ebd470d6f22b4eb2de,2105145,local-authority-eng:ESK,6a1e6424b94d2043b8d1ee0267321fa882cfb7d64c50a9c8eb0c80c55c052e2a,2021-10-07,
ef91ddc741061c8e2bb1539b93932cd205567bbdd4f28fbcc3274e6b1b0e93ba,1283074,local-authority-eng:HAM,2dd1c2595389a98131448c120b18b07025a8620804a109361e2d29a395c5a50c,2021-10-07,2021-12-23
f0910000f66bb23ae933e064d28e410689bf7feef7b8461f69a917ecdf39a9a9,823889,local-authority-eng:LIF,e49c1357c3fcc7748fbaf61beb8d9270daf59d3a35654cbd854a940655d6fcb1,2021-10-07,
f15bd2ac7d3304bcad1170ef566f10671576b358bbde65b489fd9718187a7c36,6279168,local-authority-eng:HRY,3eef0f435a64ed77a3ff388c0a9c4a262480d8ae75829ee517cfe80f59ac3bd1,2022-01-14,2022-01-14
f1f0811b756b8706e16d4dc25247869b2a4e95ab42f100361ce093ee8a5afb78,225882,local-authority-eng:FAR,9fc9a0c3d92a57e3d189547b24b0f7520c452f237720e63059c980108fbab17a,2021-12-16,2021-12-16
f23b1015a8687eea79ee3af3d1ee112ca5c33d8bf5e51c4c9f16bc259674893c,4943872,local-authority-eng:HRY,3eef0f435a64ed77a3ff388c0a9c4a262480d8ae75829ee517cfe80f59ac3bd1,2021-11-01,2021-11-01
f2f440edcd200aee65cbc6dab94f88a526741e16da6a4fcac687b4580f3c38c3,224656,national-park-authority:Q5225646,42674a7c0987bb311f99bb08b6aed3a3891fbc584818bad9113ef2bcfb8e57e2,2021-12-31,
f3393be34abfc38c876142c7ab5114c0f1cbe36c3bd6b9f9679830af2a9e598a,209467,local-authority-eng:KIN,c13b1ec7767e1d8d81011bb100ed125cc23c75730a0a74b911860db0bf72df2c,2021-10-07,
f897c10ce016b24662b645a575ae4d42381b59ed0a1d5b1c9bf2b2f8c65687a1,2531328,local-authority-eng:HRY,3eef0f435a64ed77a3ff388c0a9c4a262480d8ae75829ee517cfe80f59ac3bd1,2021-11-25,2021-11-25
f9e9014672286d198ebfb6a339344e8f539adcce754a88f71908be9adc13a495,225882,local-authority-eng:FAR,9fc9a0c3d92a57e3d189547b24b0f7520c452f237720e63059c980108fbab17a,2021-10-20,2021-12-21
faaff35fce6fd2a0a61fde051e3d70881e474c22a4afb0380bf478ed44b08515,84207,local-authority-eng:BIR,58c70df2f0ff7080544a6ec5913d08d5f06dc6dcab5b37ca4170e7cf43a768b5,2021-10-07,
fb87ba5c65ea26db507a4a868d12bf712de76efb111801b3440ab827271ab3b2,233218,local-authority-eng:EHE,f02c2da383ef117a27df94da7687b25cea5de2ceecfeae67396ebe6e02b07ffb,2021-12-31,
fcac9a7807242b1d3efe3599277f52e4827e153abad2e3ba3f0b41683db7c592,2426214,local-authority-eng:CHL,d50f30a3e6bfb23039cb7f95296e1e9d452b4255803a7198be158da892a08db1,2021-10-07,
fd4ef08e9bc882990a8da885d61533136edd888362e205e314b0f2f10e271eb8,1750321,local-authority-eng:BOT,ce803a5e25948f78cfa7c112c5062f5427809ebb5ac6ead11f4a4c1fe4f5d035,2021-10-07,
fe6038988b48b4146ef4a520048d614949c56f152b5c7d7f150a5c24187b1f77,1099277,local-authority-eng:KEC,f922fb0638543b2e10a2f862d6cd4f35a4f7bb71dd705a3f91c9d46f25910d3f,2021-10-07,
fea7bfa5545a10c004f2f87f6e1e5b8ad11508cf6884d9d400e389193a5f5acf,275521,local-authority-eng:BRX;local-authority-eng:NTY,c835464755ea02969e0322e3a1ebbd8002f3409aeb316397698f1e9659bd85d5,2022-01-05,
